{"stats":{"minecraft:killed":{"lightsout:valkyrie":1,"minecraft:pig":1,"lightsout:golden_balloony":1,"lightsout:aqualing":1,"lightsout:wind_wyrm_skull_entity":2,"mutantmonsters:mutant_skeleton":6,"minecraft:sheep":5,"lightsout:wasp":2,"mutantmonsters:mutant_creeper":1,"lightsout:wind_wyrm":1},"minecraft:used":{"minecraft:stone_pickaxe":12,"minecraft:oak_planks":48,"minecraft:wooden_pickaxe":15,"mutantmonsters:mutant_skeleton_spawn_egg":6,"minecraft:cooked_salmon":1,"minecraft:dirt":12,"minecraft:mutton":7,"minecraft:crafting_table":5,"lightsout:wind_wyrm_skull":5,"minecraft:white_bed":2,"minecraft:warden_spawn_egg":2,"mutantmonsters:mutant_creeper_spawn_egg":2,"minecraft:bread":7,"lightsout:wisp_spawn_egg":1,"minecraft:stone_axe":77,"minecraft:golden_sword":12,"minecraft:sweet_berries":11,"minecraft:porkchop":2,"tombstone:gift":3},"minecraft:picked_up":{"minecraft:birch_log":6,"minecraft:crafting_table":3,"lightsout:wind_wyrm_skull":3,"tombstone:grave_key":1,"minecraft:oak_log":15,"minecraft:golden_sword":1,"lightsout:dragon_bone":7,"minecraft:lapis_lazuli":5,"minecraft:dirt":12,"minecraft:wheat_seeds":3,"minecraft:iron_ingot":23,"lightsout:sunflower":1,"minecraft:iron_nugget":8,"minecraft:sugar_cane":4,"minecraft:birch_sapling":1,"minecraft:oak_planks":9,"minecraft:book":27,"minecraft:stick":4,"minecraft:sweet_berries":9,"minecraft:porkchop":2,"tombstone:grave_dust":1,"minecraft:white_bed":2,"lightsout:golden_balloon":1,"minecraft:stone_axe":1,"lightsout:wisp_bottle":2,"minecraft:emerald":4,"minecraft:gold_ingot":5,"minecraft:black_wool":1,"minecraft:mutton":7,"minecraft:white_wool":4,"minecraft:cobblestone":15,"minecraft:ender_pearl":10},"minecraft:custom":{"minecraft:mob_kills":21,"minecraft:interact_with_crafting_table":12,"minecraft:leave_game":6,"minecraft:time_since_death":643,"minecraft:sleep_in_bed":1,"minecraft:time_since_rest":1,"minecraft:sprint_one_cm":82697,"minecraft:damage_taken":1358,"minecraft:walk_one_cm":57322,"minecraft:drop":16,"minecraft:damage_dealt":13605,"minecraft:swim_one_cm":1057,"minecraft:fly_one_cm":153576,"minecraft:player_kills":1,"minecraft:open_chest":3,"minecraft:crouch_one_cm":6169,"minecraft:play_time":30630,"tombstone:undead_killed":7,"minecraft:deaths":2,"minecraft:sneak_time":2969,"minecraft:walk_under_water_one_cm":4432,"minecraft:jump":570,"minecraft:walk_on_water_one_cm":10006,"minecraft:total_world_time":30630,"minecraft:fall_one_cm":15669},"minecraft:dropped":{"minecraft:bread":5,"minecraft:ender_pearl":1,"minecraft:crafting_table":1,"minecraft:cobblestone":3,"lightsout:wind_wyrm_skull":3,"minecraft:stick":2,"tombstone:grave_key":2,"tombstone:grave_dust":3},"minecraft:killed_by":{"lightsout:golden_balloony":1,"mutantmonsters:mutant_creeper":1},"minecraft:crafted":{"minecraft:oak_planks":60,"minecraft:crafting_table":2,"minecraft:wooden_pickaxe":1,"minecraft:birch_planks":24,"minecraft:stone_axe":3,"tombstone:grave_key":1,"minecraft:stick":12,"minecraft:stone_pickaxe":1,"minecraft:white_bed":2},"minecraft:mined":{"minecraft:white_bed":2,"minecraft:crafting_table":2,"minecraft:grass_block":3,"lightsout:wisp_bottle":1,"minecraft:sugar_cane":3,"minecraft:birch_log":6,"minecraft:birch_leaves":5,"minecraft:grass":2,"minecraft:bookshelf":9,"minecraft:oak_log":15,"minecraft:dirt":9,"minecraft:stone":15,"minecraft:oak_leaves":5}},"DataVersion":3120}