{"stats":{"minecraft:killed":{"minecraft:sheep":5,"lightsout:wasp":1},"minecraft:crafted":{"minecraft:birch_planks":12,"minecraft:stone_axe":1,"minecraft:crafting_table":1,"minecraft:stick":8,"minecraft:stone_pickaxe":1,"minecraft:wooden_pickaxe":1},"minecraft:used":{"minecraft:stone_axe":13,"minecraft:sweet_berries":11,"minecraft:crafting_table":1,"minecraft:stone_pickaxe":12,"lightsout:wisp_spawn_egg":1,"minecraft:wooden_pickaxe":15},"minecraft:mined":{"minecraft:grass_block":3,"minecraft:dirt":9,"minecraft:birch_log":3,"minecraft:stone":15,"minecraft:sugar_cane":3,"minecraft:crafting_table":1},"minecraft:picked_up":{"minecraft:birch_log":3,"minecraft:crafting_table":1,"minecraft:sweet_berries":9,"minecraft:white_wool":4,"minecraft:mutton":7,"minecraft:black_wool":1,"minecraft:sugar_cane":4,"minecraft:dirt":12,"minecraft:cobblestone":15},"minecraft:custom":{"minecraft:time_since_rest":9496,"minecraft:crouch_one_cm":1950,"minecraft:play_time":9496,"minecraft:sprint_one_cm":28371,"minecraft:damage_taken":205,"minecraft:walk_one_cm":18321,"minecraft:sneak_time":1354,"minecraft:walk_under_water_one_cm":1984,"minecraft:mob_kills":6,"minecraft:jump":191,"minecraft:leave_game":1,"minecraft:damage_dealt":563,"minecraft:swim_one_cm":812,"minecraft:time_since_death":9496,"minecraft:walk_on_water_one_cm":5244,"minecraft:total_world_time":9496,"minecraft:interact_with_crafting_table":3,"minecraft:fall_one_cm":4321,"minecraft:fly_one_cm":38879}},"DataVersion":3120}