{"stats":{"minecraft:killed":{"minecraft:sheep":5,"minecraft:pig":1,"lightsout:wasp":2,"lightsout:wind_wyrm":1},"minecraft:crafted":{"minecraft:crafting_table":1,"minecraft:stick":8,"minecraft:wooden_pickaxe":1,"minecraft:stone_pickaxe":1,"minecraft:birch_planks":12,"minecraft:stone_axe":1},"minecraft:used":{"minecraft:bread":5,"minecraft:stone_pickaxe":12,"lightsout:wisp_spawn_egg":1,"minecraft:wooden_pickaxe":15,"minecraft:stone_axe":46,"minecraft:dirt":2,"minecraft:sweet_berries":11,"minecraft:crafting_table":2},"minecraft:mined":{"minecraft:birch_log":3,"minecraft:crafting_table":1,"minecraft:bookshelf":9,"minecraft:grass_block":3,"minecraft:oak_log":1,"minecraft:dirt":9,"minecraft:stone":15,"minecraft:sugar_cane":3,"minecraft:oak_leaves":2},"minecraft:picked_up":{"minecraft:book":27,"minecraft:birch_log":3,"minecraft:crafting_table":1,"lightsout:wind_wyrm_skull":1,"minecraft:sweet_berries":9,"minecraft:porkchop":2,"minecraft:oak_log":1,"lightsout:dragon_bone":7,"minecraft:dirt":12,"minecraft:sugar_cane":4,"minecraft:black_wool":1,"minecraft:mutton":7,"minecraft:white_wool":4,"minecraft:cobblestone":15},"minecraft:custom":{"minecraft:time_since_rest":15592,"minecraft:sprint_one_cm":65568,"minecraft:damage_taken":295,"minecraft:walk_one_cm":30929,"minecraft:mob_kills":9,"minecraft:damage_dealt":2028,"minecraft:swim_one_cm":812,"minecraft:interact_with_crafting_table":5,"minecraft:fly_one_cm":97696,"minecraft:open_chest":1,"minecraft:crouch_one_cm":1950,"minecraft:play_time":15592,"tombstone:undead_killed":1,"minecraft:sneak_time":1417,"minecraft:walk_under_water_one_cm":2836,"minecraft:jump":392,"minecraft:leave_game":2,"minecraft:walk_on_water_one_cm":7300,"minecraft:time_since_death":15592,"minecraft:total_world_time":15592,"minecraft:fall_one_cm":9642}},"DataVersion":3120}