{"stats":{"minecraft:killed":{"lightsout:nimbus_normal":2,"lightsout:valkyrie":1,"lightsout:golden_balloony":1,"lightsout:whirler":1,"lightsout:werewolf_human":1,"lightsout:wraith":1},"minecraft:used":{"minecraft:birch_planks":42,"minecraft:bread":5,"minecraft:oak_planks":47,"minecraft:netherite_axe":29,"tombstone:grave_key":2,"minecraft:golden_apple":1,"tombstone:gift":1,"minecraft:experience_bottle":21},"minecraft:picked_up":{"minecraft:birch_log":11,"minecraft:stick":2,"lightsout:moonflower":1,"lightsout:wind_essence":2,"minecraft:oak_log":14,"tombstone:grave_key":2,"minecraft:dirt":27,"lightsout:marble_pillar":3,"lightsout:golden_balloon":1,"lightsout:chiseled_marble":1,"lightsout:sunflower":1,"minecraft:bread":5,"minecraft:gold_ingot":3,"minecraft:oak_sapling":2,"minecraft:cobblestone":3},"minecraft:dropped":{"tombstone:grave_key":2,"minecraft:oak_sapling":2},"minecraft:custom":{"minecraft:time_since_rest":37,"minecraft:sprint_one_cm":18724,"minecraft:damage_absorbed":40,"minecraft:damage_taken":3202,"minecraft:walk_one_cm":22172,"minecraft:mob_kills":7,"minecraft:drop":4,"minecraft:damage_dealt":3009,"minecraft:interact_with_crafting_table":1,"minecraft:swim_one_cm":8833,"minecraft:fly_one_cm":65738,"minecraft:open_chest":7,"minecraft:crouch_one_cm":7247,"minecraft:play_time":16347,"tombstone:undead_killed":1,"minecraft:deaths":6,"minecraft:sneak_time":2158,"minecraft:walk_under_water_one_cm":1266,"minecraft:jump":281,"minecraft:leave_game":5,"minecraft:time_since_death":541,"minecraft:walk_on_water_one_cm":6631,"minecraft:sleep_in_bed":1,"minecraft:total_world_time":16347,"minecraft:fall_one_cm":34131},"minecraft:killed_by":{"minecraft:player":1,"mutantmonsters:mutant_skeleton":2,"mutantmonsters:mutant_creeper":1,"lightsout:golden_balloony":1},"minecraft:crafted":{"minecraft:oak_planks":56,"minecraft:stick":4,"minecraft:birch_planks":44,"minecraft:stone_axe":1},"minecraft:mined":{"minecraft:birch_log":11,"minecraft:birch_leaves":1,"minecraft:oak_log":14,"lightsout:moonflower":1,"lightsout:wisp_bottle":2,"minecraft:oak_leaves":2}},"DataVersion":3120}