{"stats":{"minecraft:killed":{"lightsout:nimbus_normal":2,"lightsout:valkyrie":1,"lightsout:golden_balloony":1,"lightsout:werewolf_human":1,"lightsout:wraith":1,"lightsout:whirler":1},"minecraft:used":{"lightsout:sneaker_spawn_egg":1,"lightsout:mutated_enderman_spawn_egg":7,"lightsout:downside_devourer_spawn_egg":12,"lightsout:wobbler_spawn_egg":1,"lightsout:reaper_spawn_egg":1,"lightsout:infected_sheep_spawn_egg":1,"lightsout:explotron_spawn_egg":2,"minecraft:birch_planks":42,"minecraft:oak_planks":47,"lightsout:mutated_ghast_spawn_egg":2,"mutantmonsters:mutant_skeleton_spawn_egg":23,"lightsout:infected_villager_spawn_egg":1,"minecraft:golden_apple":1,"lightsout:shadow_porter_spawn_egg":1,"lightsout:ghump_spawn_egg":1,"lightsout:infected_fish_spawn_egg":1,"lightsout:infected_chicken_spawn_egg":1,"lightsout:mutated_toxic_zombie_spawn_egg":2,"lightsout:flesh_abomination_spawn_egg":45,"mutantmonsters:mutant_creeper_spawn_egg":23,"lightsout:slammer_spawn_egg":1,"mutantmonsters:mutant_enderman_spawn_egg":38,"minecraft:bread":5,"lightsout:infected_cow_spawn_egg":1,"lightsout:wisp_spawn_egg":1,"minecraft:netherite_axe":29,"tombstone:grave_key":2,"lightsout:wraith_spawn_egg":1,"lightsout:fogshifter_spawn_egg":1,"mutantmonsters:mutant_snow_golem_spawn_egg":9,"mutantmonsters:mutant_zombie_spawn_egg":1,"lightsout:infected_pig_spawn_egg":1,"goblintraders:goblin_trader_spawn_egg":1,"tombstone:gift":1,"minecraft:experience_bottle":21},"minecraft:picked_up":{"minecraft:birch_log":11,"minecraft:coarse_dirt":1,"lightsout:moonflower":1,"minecraft:oak_log":14,"tombstone:grave_key":2,"minecraft:chain":3,"minecraft:dirt":27,"minecraft:string":1,"minecraft:red_carpet":1,"minecraft:bone":2,"lightsout:chiseled_marble":1,"minecraft:spruce_planks":5,"lightsout:sunflower":1,"minecraft:spruce_slab":5,"lightsout:raw_plasmalit":12,"minecraft:book":21,"minecraft:stick":2,"lightsout:radiated_abomination_trophy":2,"minecraft:red_wool":5,"minecraft:spruce_stairs":12,"lightsout:wind_essence":2,"minecraft:jungle_planks":4,"lightsout:marble_pillar":3,"lightsout:golden_balloon":1,"lightsout:soul_of_destruction":2,"minecraft:jungle_stairs":1,"minecraft:gold_ingot":3,"minecraft:bread":5,"minecraft:oak_sapling":2,"minecraft:cobblestone":3},"minecraft:dropped":{"minecraft:coarse_dirt":1,"tombstone:grave_key":2,"travelersbackpack:iron_golem":1,"minecraft:oak_sapling":2,"lightsout:soul_of_destruction":1,"lightsout:raw_plasmalit":6,"lightsout:radiated_abomination_trophy":1,"alternacraft:alterna_staff":1},"minecraft:custom":{"minecraft:mob_kills":7,"minecraft:interact_with_crafting_table":1,"minecraft:leave_game":6,"minecraft:time_since_death":10944,"minecraft:sleep_in_bed":1,"minecraft:climb_one_cm":621,"minecraft:time_since_rest":8469,"minecraft:sprint_one_cm":22681,"minecraft:walk_one_cm":30854,"minecraft:damage_taken":3296,"minecraft:damage_absorbed":40,"minecraft:drop":11,"minecraft:damage_dealt":3101,"minecraft:swim_one_cm":9251,"minecraft:fly_one_cm":204592,"minecraft:open_chest":8,"minecraft:crouch_one_cm":7397,"minecraft:play_time":26750,"tombstone:undead_killed":1,"minecraft:deaths":6,"minecraft:walk_under_water_one_cm":1382,"minecraft:sneak_time":2480,"minecraft:jump":321,"minecraft:walk_on_water_one_cm":9156,"minecraft:total_world_time":26750,"minecraft:fall_one_cm":36397},"minecraft:killed_by":{"minecraft:player":1,"mutantmonsters:mutant_skeleton":2,"lightsout:golden_balloony":1,"mutantmonsters:mutant_creeper":1},"minecraft:crafted":{"minecraft:oak_planks":56,"minecraft:birch_planks":44,"minecraft:stone_axe":1,"minecraft:stick":4},"minecraft:mined":{"lightsout:wisp_bottle":2,"minecraft:birch_log":11,"minecraft:birch_leaves":1,"minecraft:oak_log":14,"lightsout:moonflower":1,"minecraft:oak_leaves":2}},"DataVersion":3120}