{"stats":{"minecraft:crafted":{"minecraft:oak_planks":16},"minecraft:mined":{"minecraft:oak_log":4},"minecraft:picked_up":{"minecraft:oak_log":4},"minecraft:custom":{"minecraft:jump":35,"minecraft:time_since_rest":2205,"minecraft:damage_dealt":95,"minecraft:crouch_one_cm":146,"minecraft:walk_on_water_one_cm":2513,"minecraft:sprint_one_cm":1237,"minecraft:play_time":2205,"minecraft:damage_taken":110,"minecraft:time_since_death":2205,"minecraft:walk_one_cm":2316,"minecraft:sneak_time":45,"minecraft:total_world_time":2205,"minecraft:walk_under_water_one_cm":772,"minecraft:swim_one_cm":6985,"minecraft:fall_one_cm":958,"minecraft:fly_one_cm":6904}},"DataVersion":3120}